vendor,total_spend,incidents,avg_mttr,spend_per_incident
Cascade Mobile,456921659.98964465,673,30.409361069829146,678932.629999472
BlueRidge Comms,443655308.800219,704,30.152840909078886,630192.2000003111
Meridian Networks,190255779.00008896,450,29.558222222219793,422790.62000019767
NorthStar Telecom,542041636.6791555,796,28.75954773869022,680956.8299989391
Atlas Fiber,474538091.7002462,795,30.0747169811306,596903.2600003097
