service_area,annual_budget,actual_spend,variance,variance_pct
Data Center Net,637412.33,627102.9799999987,-10309.350000001257,-0.01617375365173946
Voice/UCaaS,657563.26,647977.9399999994,-9585.320000000647,-0.014577030961250249
Wireless/Mobile,423760.43,416188.8799999986,-7571.550000001385,-0.017867524818212462
Contact Center,369694.33,369235.81,-458.5200000000186,-0.0012402678721094224
WAN/Circuits,476682.57,471046.94,-5635.630000000005,-0.011822605554887405
Cloud Connectivity,487669.64,478222.9900000006,-9446.649999999441,-0.019371002878094772
